ID_Cliente,Meses_Suscrito,Pago_Mensual_USD,Llamadas_Soporte,Dias_Retraso_Pago,Horas_Uso_Mensual,Churn
1001,39,25.89,2,0,87.3,0
1002,52,29.84,0,0,17.6,0
1003,29,26.78,1,0,91.2,0
1004,15,80.16,3,2,20.6,1
1005,43,41.51,2,3,12.7,1
1006,8,15.21,3,0,117.2,0
1007,21,97.22,1,0,115.1,0
1008,39,89.54,0,2,12.0,1
1009,58,93.5,2,0,56.0,0
1010,19,99.54,1,0,26.4,1
1011,23,25.65,1,2,60.8,0
1012,11,45.66,0,1,100.5,0
1013,11,78.24,2,1,114.3,0
1014,24,72.64,1,1,77.9,0
1015,53,23.85,6,0,45.7,1
1016,36,83.42,3,0,74.4,0
1017,40,30.2,0,0,40.9,0
1018,24,30.14,2,0,109.6,0
1019,3,58.33,1,0,105.1,0
1020,22,63.36,2,1,69.2,0
1021,53,62.21,3,1,42.4,0
1022,2,18.23,2,0,38.7,1
1023,24,88.97,2,1,8.8,1
1024,44,33.9,2,1,98.8,0
1025,30,21.66,0,0,56.8,0
1026,38,89.99,1,0,42.4,0
1027,2,96.01,0,0,59.2,0
1028,21,87.59,2,0,99.2,0
1029,33,82.86,2,0,19.3,1
1030,12,68.97,1,0,103.6,0
1031,58,59.58,0,0,108.2,0
1032,22,17.83,0,0,113.9,0
1033,44,46.76,0,2,50.7,0
1034,25,43.54,4,0,30.0,1
1035,49,33.38,1,1,48.0,0
1036,27,75.11,1,0,43.3,0
1037,59,54.63,1,0,25.3,0
1038,42,17.29,3,2,74.8,0
1039,28,29.82,3,0,59.8,0
1040,16,71.49,3,0,104.6,0
1041,15,16.85,1,1,8.7,1
1042,47,86.61,1,0,79.0,0
1043,51,54.56,5,0,92.7,0
1044,44,53.25,1,0,92.3,0
1045,55,63.32,1,1,106.9,0
1046,52,84.22,1,0,88.8,0
1047,57,41.3,0,0,111.7,0
1048,3,71.02,0,0,43.3,0
1049,37,60.92,0,0,62.9,0
1050,51,34.03,3,1,6.6,1
1051,7,89.08,0,0,5.8,1
1052,21,81.77,0,0,32.6,0
1053,9,69.26,0,0,16.6,1
1054,39,86.55,1,2,34.9,1
1055,18,88.06,1,0,25.4,1
1056,4,73.75,0,1,8.3,1
1057,25,85.33,2,1,109.6,0
1058,14,72.77,0,0,5.9,1
1059,50,71.21,1,0,89.6,0
1060,58,65.68,0,0,22.5,0
1061,9,77.74,3,1,109.9,1
1062,26,24.27,2,0,107.7,0
1063,53,89.28,1,0,80.2,0
1064,2,88.47,1,1,82.3,1
1065,20,12.63,3,0,5.6,1
1066,28,84.32,1,0,118.3,0
1067,47,21.6,1,0,106.0,0
1068,7,40.16,1,0,107.9,0
1069,44,76.92,2,1,80.8,0
1070,8,24.47,1,0,44.7,0
1071,47,83.62,0,0,107.8,0
1072,35,84.89,1,2,38.5,1
1073,14,55.67,2,0,69.7,0
1074,17,10.57,1,3,16.5,1
1075,36,35.83,0,3,111.0,0
1076,50,65.52,5,0,21.2,1
1077,40,98.31,2,0,30.9,0
1078,4,66.86,0,1,69.2,0
1079,2,33.38,3,0,92.9,0
1080,6,67.06,3,0,76.2,1
1081,54,58.6,0,1,31.7,0
1082,42,80.19,2,0,5.1,1
1083,4,19.63,1,2,92.1,0
1084,54,78.49,1,0,118.3,0
1085,29,58.71,2,0,98.1,0
1086,18,96.67,2,0,57.9,1
1087,26,40.77,0,3,108.9,0
1088,44,66.94,1,0,52.1,0
1089,34,93.88,0,1,65.4,0
1090,10,19.23,1,0,59.9,0
1091,36,94.35,3,0,56.5,0
1092,14,71.91,0,0,94.1,0
1093,31,16.11,2,0,65.6,0
1094,48,37.09,3,0,41.4,0
1095,15,73.74,4,0,34.7,1
1096,8,16.06,1,0,9.3,1
1097,14,62.4,3,2,72.1,1
1098,23,41.13,0,0,31.4,0
1099,57,65.88,5,3,22.0,1
1100,40,14.12,3,0,80.2,0
1101,21,88.44,2,0,83.3,0
1102,16,97.61,0,0,91.5,0
1103,45,97.2,1,0,62.9,0
1104,18,77.47,0,0,107.8,0
1105,47,21.71,2,0,112.7,0
1106,53,78.24,0,0,97.8,0
1107,24,12.21,0,1,78.1,0
1108,26,11.99,2,0,39.9,0
1109,25,39.12,2,1,118.0,0
1110,45,53.98,1,0,36.5,0
1111,41,79.34,2,0,28.3,0
1112,29,71.5,1,0,55.8,0
1113,15,50.13,1,0,11.5,1
1114,45,34.63,1,0,117.5,0
1115,1,99.74,4,0,72.7,1
1116,25,48.36,0,0,69.0,0
1117,7,50.62,2,0,80.4,0
1118,9,24.73,0,0,62.2,0
1119,24,81.53,1,0,8.7,1
1120,1,72.43,1,0,75.4,0
1121,44,29.87,1,3,87.4,0
1122,8,17.41,1,1,52.9,0
1123,24,71.24,5,0,92.1,1
1124,11,68.91,1,2,31.1,1
1125,51,34.59,1,2,30.4,0
1126,17,95.58,0,0,23.6,0
1127,8,23.6,3,0,47.8,1
1128,35,48.91,2,3,102.4,0
1129,35,94.93,0,0,100.2,0
1130,33,47.78,1,2,49.0,1
1131,59,67.47,0,0,72.7,0
1132,5,45.78,2,0,87.9,0
1133,42,34.68,1,0,32.7,0
1134,39,98.56,1,0,24.3,0
1135,58,46.84,3,1,116.8,0
1136,41,90.47,3,3,76.0,1
1137,28,30.7,4,0,117.9,0
1138,7,29.18,2,0,43.8,1
1139,9,12.8,1,1,85.8,0
1140,8,68.65,3,0,30.6,1
1141,12,43.17,0,0,35.0,0
1142,34,87.79,5,0,63.9,1
1143,33,52.59,0,1,41.8,0
1144,48,97.14,2,1,24.3,1
1145,55,26.7,2,0,35.2,0
1146,23,88.18,3,0,9.1,1
1147,24,79.89,1,3,86.0,1
1148,37,79.38,2,0,61.6,0
1149,35,86.03,2,0,15.8,1
1150,44,78.49,1,0,24.7,0
1151,40,66.36,0,1,16.8,0
1152,22,21.81,5,0,75.4,1
1153,27,12.93,2,0,15.8,0
1154,35,92.88,0,0,91.7,0
1155,1,65.5,1,0,7.4,1
1156,35,81.69,3,0,33.7,1
1157,37,53.34,0,0,107.4,0
1158,47,20.56,0,0,87.6,0
1159,14,21.27,1,0,13.4,0
1160,3,71.7,4,0,99.4,1
1161,1,48.73,2,0,61.7,1
1162,5,28.05,1,2,102.4,0
1163,26,54.24,2,2,74.1,1
1164,55,15.78,4,0,83.4,0
1165,14,62.38,0,1,119.3,0
1166,39,34.21,1,0,31.7,0
1167,27,81.78,4,3,76.8,1
1168,9,37.93,1,0,57.9,0
1169,15,50.97,0,0,9.5,0
1170,15,11.05,1,0,6.7,0
1171,26,16.52,1,0,18.7,0
1172,42,45.32,0,3,79.6,0
1173,13,53.19,0,0,70.2,0
1174,51,64.0,4,0,68.6,0
1175,32,36.25,2,0,8.7,1
1176,39,72.55,1,1,59.0,0
1177,49,87.41,1,0,111.3,0
1178,52,80.19,1,0,50.7,0
1179,32,13.57,0,3,76.9,0
1180,4,53.25,1,0,94.7,0
1181,30,19.44,2,0,95.2,0
1182,37,31.78,0,2,64.7,0
1183,23,98.8,1,0,103.7,0
1184,39,22.82,2,0,50.0,0
1185,45,54.9,2,0,107.2,0
1186,15,65.63,1,1,32.6,1
1187,43,73.22,1,0,37.2,0
1188,29,60.37,1,2,11.1,1
1189,36,10.88,1,1,96.5,0
1190,13,39.38,1,0,53.0,0
1191,32,56.59,3,1,31.3,1
1192,7,17.91,2,0,31.7,1
1193,59,41.56,4,0,108.7,0
1194,51,12.99,2,1,100.9,0
1195,22,17.07,2,3,68.7,1
1196,28,45.72,2,0,75.9,0
1197,2,21.94,2,0,59.5,0
1198,42,61.08,0,0,50.0,0
1199,45,72.05,1,0,110.3,0
1200,57,82.05,2,0,19.4,0
1201,53,28.01,1,0,53.1,0
1202,6,25.07,1,0,44.6,0
1203,28,19.41,1,0,62.3,0
1204,28,67.28,1,0,57.6,0
1205,44,73.58,1,1,64.7,0
1206,44,12.84,0,1,21.1,0
1207,20,94.26,2,0,64.0,0
1208,30,14.68,2,0,32.9,0
1209,11,58.72,2,0,26.2,1
1210,58,73.82,0,0,12.5,0
1211,55,88.39,3,0,92.7,0
1212,28,74.27,1,1,54.2,0
1213,25,82.16,0,0,77.1,0
1214,39,40.55,1,0,88.7,0
1215,33,83.33,1,0,83.1,0
1216,1,17.21,4,0,59.1,1
1217,57,90.53,1,0,49.6,0
1218,27,59.28,0,3,48.2,1
1219,57,83.56,2,0,78.6,0
1220,52,50.71,1,0,61.9,0
1221,13,67.92,1,0,102.7,0
1222,41,57.38,1,2,105.6,0
1223,3,75.84,1,0,24.6,1
1224,39,17.35,1,0,20.7,0
1225,6,15.43,3,2,77.5,1
1226,8,32.24,1,0,39.6,0
1227,27,24.36,0,0,7.1,0
1228,9,88.46,0,0,107.2,0
1229,37,29.73,1,0,31.1,0
1230,33,97.83,3,0,111.9,0
1231,51,40.32,0,0,87.5,0
1232,42,26.39,0,0,92.7,0
1233,44,81.07,2,0,28.2,0
1234,24,69.28,0,0,31.9,0
1235,15,54.84,0,0,64.9,0
1236,59,59.98,1,0,24.8,0
1237,54,74.73,0,2,40.1,0
1238,32,30.56,1,0,42.0,0
1239,32,99.67,1,0,23.4,0
1240,24,97.73,0,0,28.6,0
1241,41,68.53,2,0,95.7,0
1242,52,27.96,1,0,24.2,0
1243,49,71.22,1,0,8.3,0
1244,49,16.5,3,0,77.4,0
1245,58,12.76,0,0,117.2,0
1246,52,33.19,0,1,43.1,0
1247,12,51.64,3,0,18.6,1
1248,39,88.14,1,0,70.6,0
1249,2,75.45,3,0,109.2,0
1250,3,76.84,2,0,95.2,0
1251,49,48.29,4,0,76.6,0
1252,37,41.13,2,0,41.2,0
1253,49,43.39,4,0,67.3,0
1254,56,98.89,1,1,15.5,0
1255,17,13.61,1,2,83.1,0
1256,59,88.03,3,0,88.4,0
1257,49,62.08,2,0,116.0,0
1258,2,49.48,0,2,34.9,1
1259,2,75.27,0,0,7.1,1
1260,28,53.8,1,0,67.7,0
1261,54,88.61,2,0,86.3,0
1262,23,91.06,1,0,95.9,0
1263,37,47.95,3,0,27.3,1
1264,32,34.91,3,0,35.1,0
1265,33,63.31,0,0,63.9,0
1266,1,92.11,0,0,43.0,1
1267,19,28.96,2,1,104.0,0
1268,2,66.07,4,0,59.5,1
1269,53,66.84,1,0,97.0,0
1270,44,75.98,0,0,71.8,0
1271,26,21.84,1,1,93.9,0
1272,32,74.42,1,1,43.3,0
1273,6,91.81,2,0,100.6,0
1274,32,26.17,1,0,36.6,0
1275,55,31.38,2,1,67.8,0
1276,4,97.43,0,0,29.6,1
1277,55,26.29,2,0,59.7,0
1278,11,86.89,4,0,41.6,1
1279,56,54.31,3,0,35.7,0
1280,59,32.25,0,0,116.2,0
1281,17,88.37,2,0,23.4,1
1282,38,50.08,2,0,95.5,0
1283,24,56.33,1,2,118.2,0
1284,5,42.33,0,1,7.3,1
1285,52,63.37,2,2,85.4,0
1286,34,24.72,2,3,34.1,1
1287,6,45.2,0,0,9.7,1
1288,22,97.25,1,0,51.3,0
1289,11,33.23,3,0,112.6,0
1290,48,69.11,2,2,6.4,1
1291,16,39.27,0,0,72.6,0
1292,33,79.61,0,3,62.7,1
1293,9,21.78,2,0,105.4,0
1294,59,97.28,1,1,14.7,0
1295,6,50.84,1,0,83.4,0
1296,16,31.24,3,0,83.2,0
1297,29,16.61,2,1,81.9,0
1298,3,25.28,0,0,113.4,0
1299,20,56.78,0,1,99.7,0
1300,59,40.33,2,0,9.8,0
1301,36,84.6,0,0,59.2,0
1302,19,48.78,3,0,50.8,1
1303,26,32.38,1,0,40.7,0
1304,3,65.54,1,0,56.9,0
1305,19,73.61,3,0,49.2,1
1306,20,25.03,1,0,54.7,0
1307,32,25.09,0,0,117.6,0
1308,7,13.3,4,0,15.2,1
1309,52,76.28,1,0,111.1,0
1310,41,69.74,3,1,60.2,1
1311,33,52.72,1,0,76.7,0
1312,40,85.98,3,0,100.5,0
1313,39,82.51,1,0,46.5,0
1314,18,62.68,0,0,54.5,0
1315,40,88.14,1,0,52.1,0
1316,1,28.53,2,3,48.1,1
1317,11,20.07,1,2,111.4,0
1318,28,34.28,0,0,100.3,0
1319,57,15.14,1,0,17.5,0
1320,25,57.81,1,1,17.4,1
1321,50,94.29,2,0,54.2,0
1322,23,13.54,3,0,16.3,1
1323,31,20.99,5,0,76.2,0
1324,30,50.7,3,0,21.5,1
1325,42,94.05,2,3,65.1,1
1326,35,38.45,3,0,5.8,1
1327,7,55.65,2,0,41.4,1
1328,16,13.74,2,0,82.9,0
1329,26,23.35,1,1,60.7,0
1330,48,98.8,1,1,117.5,0
1331,57,96.86,1,0,105.5,0
1332,52,10.44,4,0,46.3,0
1333,49,95.66,3,0,10.2,1
1334,2,67.52,1,1,102.2,0
1335,1,88.11,1,1,109.8,0
1336,48,50.93,3,0,99.4,0
1337,12,56.4,1,1,19.7,1
1338,5,54.0,1,0,119.8,0
1339,37,70.02,1,0,34.7,0
1340,32,22.57,1,0,88.3,0
1341,59,12.7,0,0,109.4,0
1342,55,37.71,3,0,32.1,0
1343,9,73.42,1,0,109.4,0
1344,41,28.17,0,0,40.6,0
1345,35,70.61,2,0,117.3,0
1346,19,97.29,1,0,37.3,1
1347,48,18.45,2,0,114.6,0
1348,16,70.53,1,0,11.2,1
1349,3,49.94,2,0,86.6,0
1350,20,88.13,0,0,66.2,0
1351,24,25.94,2,2,60.0,1
1352,54,72.34,1,1,30.7,0
1353,56,85.43,2,2,86.1,0
1354,33,95.02,3,0,26.9,1
1355,24,71.49,1,0,68.6,0
1356,52,54.75,2,0,34.1,0
1357,11,65.61,1,0,114.9,0
1358,49,88.2,3,0,8.3,1
1359,8,61.35,1,0,28.0,1
1360,36,12.73,1,1,32.9,0
1361,38,93.79,1,0,52.6,0
1362,40,72.06,1,2,31.8,1
1363,20,70.89,0,2,61.5,1
1364,35,29.41,1,0,105.3,0
1365,48,69.3,1,1,86.9,0
1366,25,45.45,1,0,71.7,0
1367,35,68.61,1,1,15.2,1
1368,25,19.59,3,0,84.8,0
1369,29,69.21,0,1,24.1,0
1370,18,99.95,1,0,95.4,0
1371,46,14.34,2,2,33.8,1
1372,18,97.95,0,0,53.0,0
1373,2,46.62,2,0,45.3,1
1374,54,88.37,1,1,103.8,0
1375,35,80.41,3,1,19.6,1
1376,16,61.03,1,0,70.0,0
1377,41,76.46,4,0,21.3,1
1378,36,89.07,0,0,86.1,0
1379,33,46.37,2,3,109.1,0
1380,4,39.43,1,1,55.0,1
1381,33,70.08,1,1,61.1,0
1382,14,82.71,6,0,111.7,1
1383,21,78.61,2,0,64.9,0
1384,48,81.8,1,0,61.1,0
1385,20,49.2,2,1,71.5,0
1386,56,83.61,5,0,84.3,0
1387,8,20.82,1,2,17.3,1
1388,7,59.0,3,0,99.4,0
1389,3,10.52,1,0,55.1,0
1390,17,39.21,1,0,13.3,1
1391,33,42.98,0,0,95.4,0
1392,48,45.66,3,0,48.3,0
1393,12,72.59,3,0,16.5,1
1394,59,44.97,2,0,77.9,0
1395,51,50.38,1,1,106.2,0
1396,22,31.38,1,0,107.1,0
1397,55,43.59,2,0,115.1,0
1398,22,30.45,0,0,104.8,0
1399,46,16.59,0,0,5.2,0
1400,30,64.31,2,1,48.7,1
1401,38,70.14,2,0,99.1,0
1402,38,65.75,2,1,47.1,0
1403,45,51.71,0,0,74.2,0
1404,51,44.18,0,0,74.7,0
1405,54,87.7,1,0,47.0,0
1406,8,56.72,2,0,109.0,0
1407,27,53.13,0,0,62.9,0
1408,27,12.31,1,1,58.5,0
1409,34,40.71,1,0,119.7,0
1410,21,44.22,3,0,61.8,0
1411,30,45.89,0,0,25.5,0
1412,33,62.22,0,0,64.0,0
1413,28,58.02,1,0,98.6,0
1414,47,64.71,2,0,94.3,0
1415,33,78.84,1,0,95.7,0
1416,5,83.17,4,0,86.4,1
1417,48,74.63,2,0,34.2,0
1418,19,96.0,0,2,104.1,0
1419,4,11.64,1,0,107.7,0
1420,35,27.62,3,0,27.3,0
1421,49,10.68,2,3,20.0,1
1422,17,68.27,1,0,117.2,0
1423,44,90.82,0,0,104.9,0
1424,28,31.91,0,0,107.7,0
1425,30,93.43,3,0,106.9,0
1426,29,15.42,3,0,67.3,0
1427,46,94.1,0,3,79.3,0
1428,53,41.65,2,1,67.7,0
1429,6,19.13,0,1,10.9,1
1430,35,53.73,4,1,90.7,0
1431,41,33.11,0,0,63.1,0
1432,37,35.64,1,0,79.5,0
1433,24,37.66,2,2,62.8,1
1434,29,82.27,0,3,61.6,1
1435,49,58.52,1,0,24.8,0
1436,46,38.02,0,2,37.1,0
1437,53,64.93,3,0,23.3,0
1438,31,74.45,3,0,27.5,1
1439,35,34.54,1,0,116.9,0
1440,33,47.22,2,0,22.6,0
1441,52,20.97,0,0,36.0,0
1442,21,26.3,1,0,72.9,0
1443,32,71.3,3,0,75.2,0
1444,23,26.33,3,0,22.7,1
1445,33,57.26,0,0,96.3,0
1446,3,73.81,0,3,95.3,1
1447,18,19.62,1,0,32.3,0
1448,25,61.06,2,0,38.2,0
1449,42,33.09,0,0,112.9,0
1450,31,96.66,1,0,100.0,0
1451,54,53.52,2,1,85.2,0
1452,58,82.54,0,0,14.5,0
1453,3,59.52,0,1,53.1,1
1454,40,13.91,0,0,69.3,0
1455,46,66.98,2,0,26.6,0
1456,24,95.63,2,0,56.5,0
1457,50,64.15,2,0,74.1,0
1458,32,83.73,1,0,42.6,0
1459,47,89.58,4,0,94.8,0
1460,22,30.53,2,0,101.7,0
1461,23,29.08,2,0,42.2,0
1462,2,64.99,1,3,101.4,1
1463,27,46.99,1,0,16.9,0
1464,42,85.59,2,0,101.3,0
1465,2,91.0,2,0,22.6,1
1466,26,41.81,1,0,14.5,0
1467,17,31.32,2,0,78.8,0
1468,40,80.25,2,2,59.3,1
1469,33,34.73,0,3,109.4,0
1470,9,84.04,1,0,46.8,1
1471,43,48.14,0,0,38.0,0
1472,54,70.08,3,0,62.6,0
1473,48,18.6,1,0,57.4,0
1474,39,66.15,2,0,44.6,0
1475,29,50.66,2,0,84.8,0
1476,42,62.79,0,0,92.3,0
1477,55,25.12,4,0,103.1,0
1478,26,76.32,2,0,116.9,0
1479,35,87.65,1,0,35.7,0
1480,50,29.51,0,0,87.4,0
1481,25,18.61,1,0,50.3,0
1482,24,12.13,1,2,82.9,0
1483,13,67.78,0,0,59.7,0
1484,58,64.64,3,1,119.3,0
1485,7,59.2,2,0,88.8,0
1486,57,30.88,0,0,114.5,0
1487,36,45.18,2,0,101.0,0
1488,45,63.5,1,0,108.8,0
1489,20,54.71,0,2,98.7,0
1490,1,98.9,2,0,57.8,1
1491,8,22.28,4,0,34.0,1
1492,46,72.56,3,0,47.6,0
1493,16,46.39,2,3,7.3,1
1494,14,48.54,2,0,65.3,0
1495,12,74.58,1,3,63.1,1
1496,51,72.32,1,2,65.4,0
1497,23,99.21,3,0,117.0,0
1498,15,21.56,2,1,109.8,0
1499,28,19.37,1,3,23.6,1
1500,34,75.19,2,0,47.4,0
1501,2,62.05,2,0,53.8,1
1502,32,34.67,0,0,46.5,0
1503,23,17.15,2,0,96.8,0
1504,22,17.71,0,0,65.3,0
1505,51,90.48,1,0,70.8,0
1506,25,27.27,3,0,103.1,0
1507,58,39.1,4,0,97.7,0
1508,22,30.4,3,0,20.2,1
1509,58,41.95,1,2,87.1,0
1510,58,16.25,2,1,55.1,0
1511,22,56.72,0,0,38.9,0
1512,49,16.09,3,0,10.8,0
1513,52,82.03,1,0,61.0,0
1514,42,31.03,1,3,45.9,1
1515,6,58.6,0,0,33.9,0
1516,15,89.21,0,0,84.9,0
1517,54,68.58,1,2,93.5,0
1518,43,57.97,1,2,33.2,1
1519,37,39.19,1,1,10.7,1
1520,33,39.97,1,1,102.6,0
1521,8,70.25,1,0,6.1,1
1522,53,99.47,0,0,112.8,0
1523,44,69.57,3,0,77.2,0
1524,44,60.2,1,0,42.0,0
1525,5,75.76,0,1,33.3,1
1526,39,51.87,0,0,6.0,0
1527,4,15.41,0,0,32.1,0
1528,6,60.61,2,2,20.8,1
1529,45,96.19,3,0,75.4,0
1530,32,25.78,0,3,24.2,1
1531,52,72.1,0,3,65.8,0
1532,30,28.08,0,0,72.9,0
1533,47,58.22,1,0,39.3,0
1534,35,18.7,4,0,9.0,1
1535,55,50.53,1,0,9.3,0
1536,40,78.05,0,0,8.0,0
1537,52,41.28,0,0,90.0,0
1538,16,69.84,2,3,41.6,1
1539,13,81.59,1,0,96.6,0
1540,50,93.45,0,1,54.6,0
1541,42,31.12,1,0,57.1,0
1542,30,45.94,0,0,64.0,0
1543,19,23.72,3,2,87.0,1
1544,17,99.32,1,0,36.5,1
1545,56,93.43,0,0,19.0,0
1546,19,58.6,0,0,68.9,0
1547,28,85.78,3,1,42.6,1
1548,58,56.89,1,0,55.9,0
1549,55,66.12,1,0,79.4,0
1550,26,18.02,2,0,61.8,0
1551,37,77.97,2,3,76.3,1
1552,26,21.49,1,2,67.6,0
1553,53,84.35,1,0,90.1,0
1554,23,80.38,2,1,86.2,0
1555,9,73.79,2,0,66.4,0
1556,12,13.25,2,0,83.1,0
1557,53,37.28,1,0,105.5,0
1558,1,33.68,2,0,54.7,1
1559,58,42.41,2,0,52.5,0
1560,58,17.89,2,0,92.9,0
1561,1,94.33,0,0,72.0,0
1562,47,59.84,4,1,13.2,1
1563,34,37.5,2,0,107.6,0
1564,32,45.73,1,0,8.5,0
1565,54,50.25,2,2,91.1,0
1566,48,64.05,2,0,92.3,0
1567,25,56.41,0,0,114.6,0
1568,40,92.75,1,1,11.2,1
1569,45,54.73,2,0,73.6,0
1570,53,99.29,1,0,54.2,0
1571,1,86.63,3,0,43.0,1
1572,16,28.77,1,2,15.4,1
1573,39,93.75,1,0,69.7,0
1574,5,20.47,2,2,60.1,1
1575,22,83.57,0,0,17.0,0
1576,29,44.26,1,0,75.4,0
1577,55,89.02,1,1,89.9,0
1578,3,88.13,2,0,93.2,0
1579,12,82.53,1,0,109.1,0
1580,26,81.1,2,0,52.1,0
1581,16,37.42,2,1,114.6,0
1582,51,17.28,0,0,104.5,0
1583,37,46.27,4,0,39.1,1
1584,22,25.62,3,0,23.3,1
1585,57,72.55,0,2,55.1,0
1586,29,41.15,1,0,51.2,0
1587,14,97.8,1,0,71.2,0
1588,28,67.69,2,0,72.1,0
1589,5,84.02,1,0,91.2,0
1590,47,21.93,0,0,63.6,0
1591,49,87.58,0,0,17.1,0
1592,30,93.05,1,0,103.7,0
1593,46,53.84,1,1,40.6,0
1594,52,64.56,1,1,116.7,0
1595,5,78.83,4,0,18.6,1
1596,12,25.74,0,2,115.2,0
1597,16,55.23,3,0,15.5,1
1598,26,45.88,4,2,31.6,1
1599,26,23.17,1,0,10.4,0
1600,48,43.08,1,0,86.1,0
1601,21,16.14,1,2,102.8,0
1602,39,12.32,0,2,54.9,0
1603,36,22.16,3,0,111.8,0
1604,33,96.68,2,0,72.9,0
1605,30,59.46,1,0,77.5,0
1606,37,96.92,3,0,102.2,0
1607,23,48.92,4,0,39.1,1
1608,58,38.06,0,0,45.7,0
1609,10,55.55,3,2,109.2,1
1610,54,49.56,1,0,108.6,0
1611,5,19.51,2,0,117.3,0
1612,36,67.67,1,0,108.7,0
1613,34,29.44,1,0,19.6,0
1614,52,65.76,3,0,99.7,0
1615,31,68.52,2,0,52.1,0
1616,10,23.68,2,1,118.9,0
1617,58,15.52,0,2,59.3,0
1618,19,80.27,1,0,68.7,0
1619,58,51.38,1,0,65.9,0
1620,32,15.23,2,0,42.0,0
1621,1,99.54,3,2,13.6,1
1622,56,15.2,3,1,108.0,0
1623,5,72.55,2,0,97.3,0
1624,45,98.53,0,0,21.0,0
1625,4,31.53,2,1,94.3,0
1626,16,22.8,0,0,77.0,0
1627,24,20.92,2,0,52.1,0
1628,16,37.29,3,2,34.2,1
1629,55,19.09,1,1,103.9,0
1630,2,72.29,3,0,85.5,1
1631,49,15.61,1,0,68.0,0
1632,28,55.85,0,0,75.1,0
1633,32,99.7,3,0,15.5,1
1634,27,83.26,0,0,59.5,0
1635,20,65.37,2,0,27.3,1
1636,24,37.56,2,1,29.0,1
1637,12,66.15,4,2,81.0,1
1638,50,57.43,3,0,109.8,0
1639,35,48.35,2,0,51.4,0
1640,33,21.76,2,0,28.9,0
1641,33,89.79,3,0,79.6,0
1642,51,50.48,2,0,105.2,0
1643,43,27.52,2,0,91.1,0
1644,37,43.1,0,2,104.9,0
1645,12,47.27,2,0,66.7,0
1646,3,84.48,1,2,91.5,1
1647,1,76.03,2,3,21.1,1
1648,33,79.24,2,0,45.1,0
1649,40,10.99,2,0,49.8,0
1650,10,47.45,2,3,63.8,1
1651,43,53.32,2,3,111.8,0
1652,44,11.73,2,0,105.5,0
1653,29,33.38,1,0,20.5,0
1654,13,78.43,2,0,24.9,1
1655,12,22.34,4,3,46.1,1
1656,31,58.18,0,0,38.4,0
1657,46,29.37,0,0,75.7,0
1658,2,11.09,1,1,108.8,0
1659,51,31.71,0,0,115.7,0
1660,50,97.83,3,0,80.2,0
1661,35,82.14,0,0,101.4,0
1662,23,96.36,0,2,65.4,1
1663,17,53.91,3,0,29.0,1
1664,26,19.88,1,0,65.3,0
1665,8,59.32,2,0,68.8,0
1666,29,50.89,0,0,90.4,0
1667,26,85.99,0,0,30.3,0
1668,10,18.83,2,0,47.4,0
1669,26,53.94,0,0,46.9,0
1670,34,23.5,0,1,115.3,0
1671,51,39.22,2,1,56.1,0
1672,41,76.36,2,0,91.8,0
1673,7,52.84,2,0,91.3,0
1674,4,43.83,3,0,35.5,1
1675,58,45.5,2,1,70.8,0
1676,53,51.35,3,0,107.8,0
1677,50,80.65,2,0,59.6,0
1678,45,90.29,1,0,113.7,0
1679,11,95.98,3,0,29.7,1
1680,29,80.82,1,0,13.5,1
1681,56,38.39,1,0,107.5,0
1682,36,71.93,0,0,102.5,0
1683,25,49.38,1,1,119.1,0
1684,21,32.92,1,0,83.1,0
1685,57,85.68,3,0,112.7,0
1686,36,13.46,0,0,100.1,0
1687,10,91.16,1,0,102.1,0
1688,37,51.53,1,0,70.5,0
1689,9,67.35,1,0,49.0,0
1690,24,69.34,1,0,112.5,0
1691,35,90.56,1,0,54.7,0
1692,49,67.3,0,0,67.0,0
1693,35,65.25,1,0,56.3,0
1694,48,16.0,2,2,70.0,0
1695,36,56.66,2,0,59.1,0
1696,18,23.52,0,0,10.5,0
1697,49,76.37,1,0,106.4,0
1698,39,56.1,6,0,56.1,1
1699,32,71.22,1,0,72.7,0
1700,24,13.75,1,0,21.0,0
1701,23,17.63,1,1,5.4,1
1702,32,74.47,1,0,33.2,0
1703,37,16.49,1,0,86.0,0
1704,12,16.41,3,1,16.4,1
1705,49,11.09,1,2,109.5,0
1706,55,96.09,1,0,29.7,0
1707,13,76.38,0,0,28.5,0
1708,23,41.79,3,0,25.9,1
1709,25,36.69,0,0,6.6,0
1710,35,41.47,0,0,93.8,0
1711,41,79.72,2,0,105.6,0
1712,30,69.52,1,1,75.6,0
1713,17,26.67,3,0,26.6,1
1714,49,25.67,1,0,37.8,0
1715,20,18.86,0,0,59.7,0
1716,48,69.43,5,1,114.7,0
1717,25,78.79,1,0,33.4,0
1718,22,33.85,2,0,89.1,0
1719,13,11.89,2,0,55.5,0
1720,59,17.4,0,0,39.3,0
1721,19,97.11,0,0,57.4,0
1722,49,36.59,1,0,13.2,0
1723,36,79.23,3,0,96.8,0
1724,12,66.22,1,0,33.0,1
1725,41,44.37,2,0,88.4,0
1726,19,28.51,0,0,12.9,0
1727,12,20.92,2,0,114.8,0
1728,9,65.35,0,0,27.2,0
1729,7,79.72,1,0,106.5,0
1730,28,67.95,0,0,98.1,0
1731,14,57.73,1,3,116.3,1
1732,31,13.78,1,0,60.0,0
1733,52,97.16,0,0,88.7,0
1734,19,81.88,1,0,47.6,0
1735,58,36.35,1,2,26.2,0
1736,47,98.2,1,1,56.0,0
1737,16,64.17,2,0,24.1,1
1738,53,62.42,1,0,117.9,0
1739,5,77.33,3,0,16.1,1
1740,35,83.06,1,0,72.8,0
1741,12,69.08,0,1,77.0,0
1742,25,21.53,2,0,66.9,0
1743,52,40.44,3,0,81.2,0
1744,59,93.53,2,1,18.4,1
1745,21,30.22,1,1,68.8,0
1746,36,43.5,1,0,38.0,0
1747,53,48.89,2,0,113.1,0
1748,23,49.55,2,0,92.6,0
1749,16,65.16,2,2,116.8,0
1750,57,94.88,2,1,9.3,1
1751,39,31.66,2,0,37.8,0
1752,45,20.94,6,0,27.5,1
1753,53,27.77,0,2,6.3,0
1754,42,89.82,2,0,32.9,0
1755,58,68.12,2,0,83.1,0
1756,39,35.73,0,1,31.6,0
1757,14,83.44,2,0,63.5,0
1758,31,87.52,1,0,107.1,0
1759,58,86.19,1,2,84.8,0
1760,5,92.7,4,1,50.4,1
1761,35,32.7,3,0,47.8,0
1762,23,77.95,1,0,57.4,0
1763,29,51.45,0,0,25.4,0
1764,43,85.78,0,0,77.9,0
1765,11,75.56,0,0,46.9,0
1766,18,79.88,2,1,103.0,0
1767,47,69.05,2,0,92.0,0
1768,12,25.97,5,0,75.2,1
1769,9,59.05,1,0,46.9,0
1770,10,98.62,0,3,29.1,1
1771,58,94.36,1,0,94.3,0
1772,44,13.89,2,0,60.9,0
1773,17,24.83,1,0,30.8,0
1774,38,21.86,3,0,27.4,0
1775,7,75.34,2,0,24.0,1
1776,46,83.6,1,0,94.4,0
1777,13,29.22,3,0,31.3,1
1778,40,55.53,0,0,65.6,0
1779,42,85.66,0,0,56.9,0
1780,9,75.95,1,0,71.7,0
1781,50,58.8,4,0,105.9,0
1782,27,63.13,2,0,104.8,0
1783,58,55.75,0,0,56.9,0
1784,2,36.78,1,0,6.8,1
1785,5,60.85,1,0,54.0,0
1786,29,72.0,2,0,74.7,0
1787,37,88.6,3,0,69.1,0
1788,38,67.27,3,0,79.9,0
1789,19,78.5,3,3,22.7,1
1790,8,24.41,1,2,79.4,1
1791,48,51.54,1,0,26.0,0
1792,45,10.84,1,0,91.3,0
1793,1,32.2,0,0,44.0,0
1794,22,75.38,2,0,86.6,0
1795,52,99.26,1,0,10.5,0
1796,17,18.93,3,0,51.9,0
1797,7,46.13,2,0,86.1,0
1798,25,82.01,1,2,31.1,1
1799,45,28.36,1,0,96.5,0
1800,4,59.96,2,1,77.5,1
1801,36,75.98,0,1,72.6,0
1802,6,65.44,3,0,45.7,1
1803,31,26.92,1,0,60.5,0
1804,19,41.98,0,0,73.7,0
1805,44,80.54,0,0,59.3,0
1806,54,59.88,1,0,85.3,0
1807,39,10.47,0,0,54.9,0
1808,27,78.49,2,0,28.3,1
1809,10,13.18,1,2,29.6,1
1810,26,77.12,0,0,5.7,0
1811,19,28.22,0,3,39.6,1
1812,39,96.23,1,0,91.1,0
1813,3,43.11,0,1,96.3,0
1814,45,39.42,2,0,28.3,0
1815,13,23.4,1,0,115.3,0
1816,50,37.5,2,2,62.8,0
1817,28,88.9,1,0,110.5,0
1818,58,99.67,0,0,86.3,0
1819,20,43.15,1,0,88.1,0
1820,28,50.37,6,0,14.8,1
1821,8,74.99,2,0,30.3,1
1822,41,89.76,1,1,6.0,1
1823,39,63.37,2,0,87.4,0
1824,1,45.24,3,0,44.6,1
1825,3,47.14,1,2,95.5,1
1826,13,72.61,3,0,44.0,1
1827,28,10.29,0,0,99.2,0
1828,57,65.76,2,1,20.0,0
1829,49,41.99,0,0,24.9,0
1830,25,81.48,3,0,44.2,1
1831,56,18.37,2,0,52.0,0
1832,33,62.94,4,0,45.1,1
1833,38,53.29,1,0,92.8,0
1834,53,67.81,3,0,16.1,0
1835,6,15.84,0,1,45.4,0
1836,58,62.2,2,0,101.3,0
1837,44,60.53,1,0,12.7,0
1838,45,60.46,1,3,113.4,0
1839,32,64.31,0,0,118.4,0
1840,45,70.88,1,1,15.2,1
1841,47,82.45,0,0,38.5,0
1842,21,34.28,0,1,47.8,0
1843,16,84.25,2,0,94.3,0
1844,54,54.84,0,0,73.5,0
1845,21,16.94,0,0,79.1,0
1846,11,15.27,3,0,92.1,0
1847,37,40.08,2,1,18.6,1
1848,36,80.64,1,0,100.8,0
1849,35,73.69,4,0,86.1,0
1850,19,80.98,2,1,71.4,1
1851,20,56.55,3,0,107.3,0
1852,57,49.62,2,0,85.5,0
1853,18,23.27,1,0,28.2,0
1854,47,39.54,2,0,54.4,0
1855,41,49.06,3,0,61.8,0
1856,49,17.97,2,3,11.4,1
1857,14,29.86,1,0,114.8,0
1858,15,63.84,2,0,19.8,1
1859,31,76.21,2,2,85.2,1
1860,1,99.85,1,0,63.2,1
1861,53,93.98,1,0,7.9,0
1862,54,67.83,0,0,111.3,0
1863,54,47.91,1,0,103.0,0
1864,3,67.26,0,0,65.3,0
1865,16,80.71,2,0,31.3,1
1866,23,20.65,2,0,19.0,0
1867,57,46.89,2,1,46.8,0
1868,11,85.58,0,0,34.4,0
1869,12,44.54,2,2,63.3,1
1870,10,61.47,2,0,116.1,0
1871,32,62.9,3,0,71.1,0
1872,16,26.6,3,0,107.3,0
1873,8,42.6,3,2,79.9,1
1874,38,40.11,2,0,59.7,0
1875,12,12.36,2,0,103.3,0
1876,24,12.18,0,2,59.2,0
1877,28,84.85,2,0,104.9,0
1878,53,34.58,2,2,38.5,0
1879,8,56.63,2,0,19.8,1
1880,58,36.89,0,1,103.4,0
1881,28,94.66,0,2,72.6,0
1882,36,33.34,2,0,107.2,0
1883,26,48.67,1,0,112.9,0
1884,8,88.55,2,0,11.2,1
1885,58,85.77,2,2,62.6,0
1886,50,26.75,4,0,48.1,0
1887,28,82.24,0,0,77.0,0
1888,28,51.24,1,0,96.3,0
1889,37,53.47,0,0,37.3,0
1890,41,22.01,0,0,69.0,0
1891,36,17.25,0,0,86.5,0
1892,27,75.51,1,0,20.5,0
1893,54,54.68,2,0,98.6,0
1894,17,49.32,0,0,74.7,0
1895,9,75.66,1,0,114.2,0
1896,33,78.9,3,1,44.0,1
1897,53,24.3,1,2,17.4,0
1898,20,64.92,3,0,63.2,0
1899,13,22.18,3,0,14.9,1
1900,28,77.62,2,0,116.5,0
1901,48,69.13,1,0,9.4,0
1902,29,96.1,1,0,91.7,0
1903,13,16.21,1,0,65.4,0
1904,46,15.13,1,0,47.4,0
1905,35,35.4,0,2,12.6,1
1906,6,33.55,2,0,76.5,0
1907,18,32.23,1,0,72.3,0
1908,51,91.56,3,0,37.3,0
1909,5,32.46,2,2,109.7,0
1910,47,34.48,2,0,40.0,0
1911,25,78.35,0,0,56.7,0
1912,2,50.48,2,0,67.5,0
1913,10,79.9,1,0,16.5,1
1914,56,15.88,3,0,112.2,0
1915,30,53.88,2,0,48.1,0
1916,50,13.03,0,0,14.3,0
1917,59,15.64,4,0,49.5,0
1918,45,91.58,2,0,74.0,0
1919,5,22.53,3,1,64.1,1
1920,55,57.92,0,0,84.9,0
1921,56,47.0,1,1,11.4,0
1922,33,41.26,2,0,37.7,0
1923,54,90.99,2,0,99.2,0
1924,1,11.96,1,0,14.2,1
1925,18,69.74,1,0,103.4,0
1926,32,96.71,1,1,15.6,1
1927,47,60.42,2,3,101.0,0
1928,49,94.31,3,0,46.5,0
1929,11,14.7,3,0,75.4,0
1930,21,47.69,1,0,22.6,0
1931,26,33.41,1,0,12.6,0
1932,25,75.77,1,0,29.8,0
1933,22,98.32,3,0,19.7,1
1934,59,33.09,3,2,40.9,1
1935,27,68.88,2,0,64.2,0
1936,49,27.83,1,2,72.7,0
1937,13,60.88,0,1,95.8,0
1938,33,51.75,1,1,80.5,0
1939,34,97.48,1,0,75.0,0
1940,41,64.77,1,0,52.4,0
1941,35,41.46,2,0,59.5,0
1942,1,20.27,3,0,52.7,1
1943,21,23.61,3,0,101.8,0
1944,48,30.28,1,3,31.5,1
1945,55,32.59,2,1,5.7,0
1946,6,86.56,1,1,79.9,1
1947,28,60.51,2,2,28.3,1
1948,17,57.11,0,0,107.4,0
1949,5,20.33,1,0,103.8,0
1950,31,87.41,0,0,13.8,0
1951,5,75.05,1,0,17.2,1
1952,38,16.09,1,1,61.9,0
1953,3,73.71,1,0,75.1,0
1954,53,58.92,0,0,36.6,0
1955,23,17.36,2,0,87.4,0
1956,37,51.25,1,0,73.4,0
1957,53,53.62,3,0,42.4,0
1958,37,24.92,0,1,7.9,0
1959,10,95.11,1,0,91.3,0
1960,10,86.5,4,0,29.7,1
1961,19,70.21,1,0,101.0,0
1962,17,51.61,0,0,53.3,0
1963,21,47.06,1,0,71.4,0
1964,14,68.59,1,3,105.4,1
1965,9,59.09,2,0,104.3,0
1966,46,15.6,2,0,47.7,0
1967,1,56.13,3,0,29.0,1
1968,51,82.58,3,0,94.1,0
1969,45,51.33,2,0,54.8,0
1970,13,14.68,1,0,27.1,0
1971,4,80.77,3,0,109.0,0
1972,1,28.12,1,2,27.8,1
1973,49,33.28,1,0,8.0,0
1974,40,24.82,1,0,7.3,0
1975,32,39.72,1,0,76.6,0
1976,34,78.11,1,0,81.1,0
1977,28,56.74,0,2,40.8,1
1978,31,28.44,3,2,41.8,1
1979,8,89.0,3,0,44.0,1
1980,39,89.16,3,2,83.2,1
1981,26,88.35,2,1,11.7,1
1982,58,31.49,1,2,111.8,0
1983,34,50.61,1,0,30.6,0
1984,54,98.65,1,0,120.0,0
1985,54,79.48,2,0,24.7,0
1986,3,12.45,0,1,93.7,0
1987,59,15.87,0,0,30.7,0
1988,50,51.75,2,0,14.3,0
1989,12,91.83,0,0,105.6,0
1990,1,58.48,4,0,103.8,1
1991,54,54.8,0,0,51.4,0
1992,44,19.49,0,2,85.8,0
1993,5,69.11,1,0,69.1,0
1994,30,83.99,1,2,103.1,0
1995,30,44.24,4,0,41.2,1
1996,59,79.81,1,0,65.2,0
1997,57,96.8,1,0,60.8,0
1998,17,28.34,2,0,45.7,0
1999,48,57.1,1,0,107.5,0
2000,47,35.84,5,0,24.1,1
2001,23,81.36,3,0,22.2,1
2002,15,61.98,4,1,71.3,1
2003,37,67.11,2,0,80.6,0
2004,21,81.81,1,0,27.4,1
2005,14,45.64,1,0,49.9,0
2006,2,92.36,2,0,113.9,0
2007,11,57.97,1,0,33.4,0
2008,51,24.22,2,0,81.9,0
2009,39,72.63,2,0,90.1,0
2010,38,81.39,1,0,56.5,0
2011,34,38.51,1,0,112.8,0
2012,38,87.15,1,1,89.7,0
2013,50,91.55,3,0,57.7,0
2014,34,34.92,1,0,70.5,0
2015,18,98.52,2,1,84.7,1
2016,30,22.66,3,0,73.1,0
2017,15,28.18,1,0,106.1,0
2018,27,26.58,0,0,46.0,0
2019,51,90.46,3,0,39.5,0
2020,34,68.89,2,0,29.6,0
2021,52,23.69,1,0,9.3,0
2022,57,49.63,2,2,9.9,1
2023,38,65.38,0,1,105.1,0
2024,33,17.51,0,0,83.0,0
2025,24,89.42,0,0,81.0,0
2026,15,82.32,2,0,75.7,0
2027,30,55.47,0,0,102.7,0
2028,55,97.04,2,0,60.2,0
2029,42,47.6,1,0,105.1,0
2030,51,98.57,1,0,46.3,0
2031,17,70.11,3,0,111.6,0
2032,5,67.12,1,3,85.3,1
2033,29,24.94,1,0,34.6,0
2034,4,89.37,0,2,69.9,1
2035,10,48.47,4,2,66.3,1
2036,56,24.6,0,0,20.9,0
2037,17,11.13,4,1,73.0,1
2038,10,60.38,1,0,41.2,0
2039,17,57.47,2,0,11.0,1
2040,20,74.74,1,0,114.1,0
2041,24,90.12,1,0,78.8,0
2042,5,17.15,1,0,105.8,0
2043,34,75.83,1,0,82.7,0
2044,6,26.87,1,0,46.1,0
2045,53,87.24,1,0,64.0,0
2046,2,83.72,0,0,82.7,0
2047,13,58.67,3,0,115.4,0
2048,43,73.92,1,0,34.2,0
2049,43,38.29,0,0,105.6,0
2050,48,52.41,3,0,111.3,0
2051,11,83.95,1,0,82.1,0
2052,51,51.33,2,1,112.1,0
2053,47,42.2,1,0,50.8,0
2054,57,54.48,2,0,114.6,0
2055,23,84.54,1,0,85.8,0
2056,55,40.17,2,2,9.8,1
2057,16,25.64,4,0,109.3,0
2058,31,74.08,0,0,60.7,0
2059,11,84.34,1,0,57.9,0
2060,54,19.06,0,0,70.1,0
2061,16,31.59,0,0,22.2,0
2062,8,22.78,2,0,59.0,0
2063,4,41.31,0,3,100.6,1
2064,40,50.53,1,0,6.8,0
2065,4,77.39,0,0,36.4,0
2066,56,68.6,0,1,5.3,0
2067,25,65.88,3,0,52.8,1
2068,3,41.71,3,1,88.8,1
2069,32,85.73,1,0,96.9,0
2070,3,52.42,3,1,113.7,0
2071,27,98.12,1,0,75.0,0
2072,29,67.07,5,1,34.3,1
2073,32,21.36,1,1,111.3,0
2074,50,70.86,3,0,94.2,0
2075,58,39.26,1,0,71.1,0
2076,51,71.77,2,0,85.0,0
2077,19,16.27,1,3,111.3,0
2078,21,25.74,2,0,86.9,0
2079,5,87.02,0,0,47.4,0
2080,18,30.45,2,0,87.0,0
2081,28,85.33,1,0,9.6,1
2082,42,35.13,1,0,49.4,0
2083,22,67.86,2,3,51.7,1
2084,21,72.47,1,0,24.2,1
2085,6,56.14,2,1,7.7,1
2086,1,37.48,0,0,20.3,0
2087,5,29.14,0,0,80.3,0
2088,41,12.99,2,0,97.3,0
2089,12,37.36,1,0,118.6,0
2090,26,68.78,1,3,44.8,1
2091,46,94.45,4,2,73.9,1
2092,34,88.41,2,0,112.8,0
2093,49,78.95,1,0,24.2,0
2094,14,80.96,1,0,87.5,0
2095,26,69.85,1,2,91.8,0
2096,45,33.43,2,2,15.2,1
2097,27,91.65,1,1,104.0,0
2098,9,70.37,3,0,98.5,0
2099,26,60.44,0,0,8.8,0
2100,57,19.99,0,0,15.5,0
2101,47,50.23,4,0,10.6,1
2102,57,51.43,2,0,43.5,0
2103,22,87.81,2,0,63.6,0
2104,47,59.2,1,0,66.2,0
2105,56,44.24,3,2,35.8,1
2106,30,97.91,3,1,109.8,0
2107,43,19.96,2,0,47.4,0
2108,48,48.03,0,0,10.2,0
2109,17,13.78,0,0,39.5,0
2110,26,76.59,0,1,66.1,0
2111,36,92.63,1,1,51.9,0
2112,1,35.2,0,1,36.5,1
2113,8,87.25,2,1,20.1,1
2114,49,36.3,0,0,99.2,0
2115,35,91.97,4,0,119.6,0
2116,52,77.86,0,0,42.9,0
2117,15,82.44,0,0,48.9,0
2118,47,11.62,0,1,76.1,0
2119,56,96.65,2,0,87.6,0
2120,22,75.4,0,0,50.1,0
2121,14,37.43,2,0,109.1,0
2122,26,84.65,1,3,69.4,1
2123,28,35.34,2,0,56.8,0
2124,23,88.55,1,0,79.4,0
2125,14,20.13,2,0,114.6,0
2126,24,73.33,3,0,96.4,0
2127,2,58.66,0,0,9.6,1
2128,45,18.69,3,1,43.2,0
2129,26,31.77,3,0,59.1,0
2130,14,11.12,2,2,41.2,1
2131,59,52.19,1,0,85.5,0
2132,56,37.11,1,0,100.0,0
2133,51,63.85,3,2,89.1,0
2134,7,36.75,2,0,118.8,0
2135,3,36.99,1,0,36.3,0
2136,47,76.89,2,1,105.6,0
2137,23,14.33,0,0,93.2,0
2138,46,91.26,0,1,46.7,0
2139,43,86.7,3,0,89.4,0
2140,47,70.1,1,0,17.0,0
2141,45,63.39,2,0,95.8,0
2142,18,90.31,1,1,66.2,1
2143,58,26.68,1,0,38.6,0
2144,38,17.11,1,1,80.4,0
2145,35,31.56,4,2,78.8,1
2146,51,81.51,0,0,29.1,0
2147,15,13.12,1,0,8.5,0
2148,25,62.45,3,0,54.9,0
2149,55,99.59,0,0,70.5,0
2150,37,87.01,1,0,105.8,0
2151,28,56.93,1,0,111.7,0
2152,10,15.73,0,3,65.8,1
2153,39,84.82,3,2,91.7,1
2154,57,63.91,0,2,55.5,0
2155,17,20.34,2,2,90.8,0
2156,39,18.45,0,0,28.6,0
2157,22,91.87,2,0,47.7,1
2158,26,70.23,1,2,77.9,0
2159,44,84.64,3,0,7.1,1
2160,25,89.11,3,3,88.1,1
2161,17,61.46,2,0,101.1,0
2162,13,56.57,3,0,50.9,1
2163,20,48.74,2,1,56.5,1
2164,25,38.53,1,3,102.9,0
2165,4,49.11,0,0,94.2,0
2166,10,79.65,2,1,38.1,1
2167,3,64.17,0,0,42.3,0
2168,41,90.33,1,0,83.1,0
2169,45,49.9,0,1,69.8,0
2170,18,64.64,0,0,23.7,0
2171,47,66.82,4,0,40.6,1
2172,36,63.25,2,0,108.5,0
2173,47,73.24,0,0,84.1,0
2174,22,31.37,3,0,118.4,0
2175,34,56.11,0,0,93.2,0
2176,47,19.38,1,0,113.3,0
2177,8,44.61,2,3,29.9,1
2178,40,53.89,2,0,93.7,0
2179,49,68.7,1,1,7.3,1
2180,44,95.55,4,0,82.1,0
2181,19,64.06,1,0,59.0,0
2182,42,76.92,2,0,44.9,0
2183,41,55.56,3,0,104.2,0
2184,37,67.07,0,0,103.2,0
2185,6,16.38,2,0,7.6,1
2186,52,32.9,1,0,75.1,0
2187,26,42.57,1,0,47.3,0
2188,34,52.52,1,0,52.8,0
2189,59,14.11,1,0,100.7,0
2190,56,22.6,2,0,40.6,0
2191,59,34.91,2,2,113.5,0
2192,45,97.44,1,0,25.7,0
2193,6,39.82,2,0,81.2,0
2194,37,53.38,3,0,82.3,0
2195,57,27.65,2,2,34.0,0
2196,33,64.97,2,0,42.3,0
2197,53,35.26,3,1,101.0,0
2198,22,28.63,1,0,92.6,0
2199,21,56.49,1,3,42.8,1
2200,6,10.5,2,1,66.4,0
2201,6,10.69,0,2,12.1,1
2202,55,29.72,2,0,29.0,0
2203,48,13.3,0,0,60.9,0
2204,4,19.72,1,0,14.9,1
2205,30,40.5,0,0,102.0,0
2206,11,82.23,1,2,87.6,1
2207,30,61.48,1,0,113.5,0
2208,31,56.14,2,0,84.7,0
2209,24,36.41,1,0,113.1,0
2210,55,93.86,2,0,68.8,0
2211,9,45.73,1,0,74.0,0
2212,55,17.84,2,1,117.4,0
2213,3,65.54,1,0,78.8,0
2214,51,20.25,1,0,8.5,0
2215,31,41.07,1,0,88.2,0
2216,40,55.67,2,0,109.1,0
2217,37,88.68,2,0,96.5,0
2218,36,54.42,0,0,72.1,0
2219,24,73.2,1,1,82.2,0
2220,31,99.35,0,1,118.9,0
2221,6,21.83,4,1,15.4,1
2222,2,34.73,1,0,81.7,0
2223,20,45.51,2,3,37.6,1
2224,28,47.96,1,1,78.6,0
2225,11,46.99,0,2,74.9,0
2226,4,91.68,0,0,22.6,1
2227,15,74.26,4,2,28.8,1
2228,6,64.71,0,1,76.5,0
2229,54,37.84,1,1,19.7,0
2230,49,84.14,2,0,35.5,0
2231,30,95.96,0,1,101.1,0
2232,56,83.91,0,3,42.6,1
2233,38,10.14,3,0,61.1,0
2234,51,67.28,1,0,113.2,0
2235,57,14.6,0,2,31.1,0
2236,2,33.18,2,0,49.8,1
2237,15,15.36,2,0,74.7,0
2238,11,64.34,3,0,91.9,0
2239,8,71.79,0,2,108.7,0
2240,26,20.3,0,0,110.3,0
2241,51,44.55,0,0,94.3,0
2242,45,51.06,2,0,31.3,0
2243,44,43.21,1,1,7.9,0
2244,5,20.89,1,0,49.1,0
2245,6,47.71,1,2,21.3,1
2246,26,77.61,1,2,86.7,0
2247,54,16.39,1,0,81.0,0
2248,4,17.22,0,0,10.1,0
2249,19,41.93,0,0,101.2,0
2250,20,94.76,1,0,33.6,1
2251,33,70.17,3,0,54.7,0
2252,20,71.08,0,2,81.8,0
2253,49,42.57,0,1,54.4,0
2254,12,63.43,1,0,55.7,0
2255,47,10.91,0,0,12.5,0
2256,1,67.25,0,0,51.2,0
2257,26,92.2,1,0,93.0,0
2258,14,65.13,2,0,110.2,0
2259,38,88.63,0,2,52.6,0
2260,37,75.16,0,2,53.7,0
2261,11,20.85,5,0,85.8,1
2262,36,91.22,1,2,113.4,0
2263,13,15.98,0,0,35.7,0
2264,43,58.06,0,1,55.6,0
2265,3,22.79,3,0,96.5,0
2266,33,11.05,0,0,75.1,0
2267,6,47.98,2,2,17.7,1
2268,50,36.55,1,0,77.2,0
2269,56,53.74,1,1,26.5,0
2270,10,61.95,1,0,63.7,0
2271,5,13.94,2,0,65.8,0
2272,23,21.07,1,0,105.8,0
2273,10,60.28,0,0,58.2,0
2274,44,40.89,2,0,37.1,0
2275,2,75.63,1,0,31.6,1
2276,13,68.71,1,0,105.5,0
2277,40,86.1,3,0,24.7,1
2278,2,72.32,2,1,54.0,1
2279,20,48.69,2,0,26.5,1
2280,1,70.57,4,2,93.9,1
2281,37,34.78,3,0,59.6,0
2282,9,37.57,0,0,45.4,0
2283,17,81.01,2,0,46.5,1
2284,9,50.18,1,0,103.0,0
2285,11,81.85,1,0,68.7,0
2286,15,84.02,1,0,87.6,0
2287,24,87.18,3,0,108.2,0
2288,38,92.5,0,0,108.7,0
2289,55,48.79,1,1,42.8,0
2290,35,38.7,4,0,114.5,0
2291,30,62.4,1,0,7.9,0
2292,31,43.41,2,0,48.3,0
2293,49,64.1,2,1,108.0,0
2294,5,73.5,1,0,36.6,1
2295,44,71.96,1,0,36.4,0
2296,50,43.71,4,0,39.8,0
2297,14,25.02,2,0,75.4,0
2298,53,48.75,2,0,55.4,0
2299,56,22.83,2,1,88.6,0
2300,11,90.11,3,0,107.9,0
2301,9,41.13,2,0,82.5,0
2302,34,23.9,1,0,28.5,0
2303,12,12.29,2,0,112.3,0
2304,35,68.12,1,0,35.4,0
2305,35,67.32,2,0,22.2,0
2306,1,40.65,2,0,15.3,1
2307,40,16.45,2,0,69.8,0
2308,22,46.87,2,0,18.1,1
2309,29,38.01,2,1,21.0,1
2310,8,70.94,1,0,39.5,1
2311,11,64.52,0,0,37.4,0
2312,41,42.81,2,0,74.5,0
2313,37,29.61,0,0,98.9,0
2314,14,98.92,0,0,92.6,0
2315,30,50.86,2,0,35.2,0
2316,35,71.94,1,2,33.2,1
2317,21,22.65,0,1,116.1,0
2318,37,53.7,0,0,5.9,0
2319,5,12.48,1,1,106.2,0
2320,19,55.49,1,1,28.0,1
2321,59,96.76,3,0,113.9,0
2322,14,44.58,2,1,44.4,1
2323,26,13.51,1,0,55.6,0
2324,4,12.79,1,0,86.3,0
2325,25,44.92,4,0,72.6,0
2326,45,24.4,2,0,41.6,0
2327,42,12.1,1,0,68.7,0
2328,25,78.06,1,0,89.0,0
2329,18,51.27,1,2,9.9,1
2330,40,36.03,0,2,6.3,1
2331,8,91.01,3,2,57.7,1
2332,39,20.45,2,1,20.2,1
2333,40,96.03,0,2,81.4,0
2334,14,38.26,5,0,29.6,1
2335,32,89.96,0,0,54.8,0
2336,51,64.26,1,0,27.7,0
2337,38,84.4,3,1,68.1,1
2338,33,98.56,1,0,18.3,1
2339,23,35.96,2,1,7.7,1
2340,15,96.5,2,0,10.9,1
2341,33,45.05,1,0,114.7,0
2342,25,44.7,3,1,21.4,1
2343,17,40.63,1,0,86.5,0
2344,33,58.73,2,0,12.8,1
2345,47,23.87,2,0,17.4,0
2346,55,59.83,2,0,63.5,0
2347,2,58.75,0,1,58.5,0
2348,14,78.57,1,0,114.4,0
2349,53,85.03,4,0,113.7,0
2350,40,49.64,0,0,94.7,0
2351,40,37.21,1,1,74.2,0
2352,51,33.34,0,0,57.3,0
2353,39,27.52,2,0,46.0,0
2354,51,15.19,4,1,113.9,0
2355,6,40.82,3,0,74.3,0
2356,6,34.32,0,2,71.6,0
2357,3,96.98,1,0,31.7,1
2358,7,60.19,0,0,10.4,1
2359,51,41.25,1,0,113.7,0
2360,8,62.24,3,2,41.1,1
2361,42,22.53,0,1,55.9,0
2362,52,49.96,3,0,18.2,0
2363,15,66.36,2,0,101.2,0
2364,47,54.0,2,1,8.2,1
2365,29,46.16,1,0,100.9,0
2366,33,99.45,2,1,21.1,1
2367,52,89.23,1,0,107.0,0
2368,30,66.11,1,1,88.9,0
2369,39,61.24,6,0,23.9,1
2370,27,65.86,2,0,70.1,0
2371,36,28.12,1,0,41.0,0
2372,29,45.56,2,3,25.5,1
2373,38,13.55,0,0,103.8,0
2374,57,52.8,0,0,51.4,0
2375,33,58.87,2,0,50.8,0
2376,37,30.5,2,0,24.5,0
2377,27,96.76,1,1,49.1,1
2378,55,91.85,0,1,105.2,0
2379,33,74.99,1,0,46.8,0
2380,4,58.0,1,3,114.4,1
2381,22,88.3,0,1,113.8,0
2382,2,21.76,1,2,21.7,1
2383,10,81.15,0,0,25.4,1
2384,5,21.23,1,2,104.2,0
2385,59,81.48,0,0,50.2,0
2386,10,34.82,5,0,5.5,1
2387,33,88.94,4,2,36.5,1
2388,54,94.96,3,0,73.7,0
2389,38,23.39,1,0,96.9,0
2390,13,51.64,1,1,20.3,1
2391,31,98.29,0,1,17.7,1
2392,47,53.51,1,0,111.0,0
2393,36,87.72,3,2,91.4,1
2394,45,62.99,2,0,72.8,0
2395,24,43.78,0,0,93.5,0
2396,52,35.72,1,1,54.3,0
2397,56,28.29,3,0,92.2,0
2398,15,78.56,2,0,47.8,1
2399,29,44.79,1,0,33.1,0
2400,8,56.01,2,0,88.8,0
2401,5,54.31,1,0,53.3,0
2402,29,61.96,2,1,117.9,0
2403,47,87.9,2,1,45.2,0
2404,4,98.27,0,0,111.0,0
2405,12,46.68,2,1,112.3,0
2406,45,84.48,1,0,32.8,0
2407,2,78.81,1,0,96.8,0
2408,27,61.62,2,2,54.8,1
2409,31,96.04,1,0,110.5,0
2410,51,28.04,1,0,56.8,0
2411,51,19.83,0,0,90.6,0
2412,36,86.86,1,0,58.7,0
2413,36,49.52,2,2,31.2,1
2414,26,86.23,1,0,27.9,0
2415,43,90.38,3,0,53.9,0
2416,27,15.62,2,0,91.9,0
2417,5,89.51,0,0,74.6,0
2418,20,50.35,0,0,84.2,0
2419,11,55.94,2,0,37.5,1
2420,10,66.39,3,2,60.4,1
2421,40,93.37,0,2,10.1,1
2422,38,11.72,2,0,99.0,0
2423,6,52.92,2,0,118.8,0
2424,8,71.89,2,0,51.8,1
2425,23,75.04,0,2,6.3,1
2426,47,72.33,2,3,24.5,1
2427,26,22.1,2,0,80.0,0
2428,46,36.95,0,1,75.4,0
2429,43,42.28,0,0,95.6,0
2430,12,82.4,1,0,34.2,1
2431,26,35.09,1,0,92.8,0
2432,13,28.96,1,0,84.1,0
2433,40,96.17,1,0,42.1,0
2434,18,10.8,2,0,67.7,0
2435,25,99.8,3,0,21.9,1
2436,33,70.91,1,0,57.0,0
2437,47,84.56,3,0,106.3,0
2438,40,36.52,2,0,53.4,0
2439,43,11.29,3,0,101.6,0
2440,12,76.41,2,0,72.9,0
2441,44,85.07,4,0,27.1,1
2442,36,76.64,2,0,71.8,0
2443,48,22.86,1,0,63.2,0
2444,4,77.81,1,0,50.8,1
2445,5,79.2,0,0,18.8,1
2446,56,69.27,1,0,52.9,0
2447,37,78.95,1,1,13.4,1
2448,8,86.13,3,0,16.4,1
2449,42,65.22,1,0,52.8,0
2450,49,17.97,0,0,40.1,0
2451,28,53.89,2,0,111.4,0
2452,31,16.99,0,0,48.2,0
2453,58,46.68,0,0,92.2,0
2454,9,46.64,2,0,66.0,0
2455,54,15.94,2,2,86.0,0
2456,51,41.39,1,0,34.9,0
2457,29,19.99,1,0,113.3,0
2458,14,82.74,0,0,66.0,0
2459,40,95.29,1,2,100.6,0
2460,41,16.51,1,1,47.0,0
2461,22,95.96,1,0,16.5,1
2462,11,57.03,4,1,82.5,1
2463,23,36.96,2,0,5.9,1
2464,1,16.92,2,1,59.7,1
2465,46,55.06,1,1,27.2,0
2466,37,81.51,5,0,77.1,1
2467,21,73.64,1,1,117.6,0
2468,26,14.52,3,0,58.4,0
2469,46,16.56,1,0,99.0,0
2470,36,46.26,2,0,63.4,0
2471,54,36.58,2,1,62.0,0
2472,23,30.91,0,0,112.0,0
2473,57,35.29,1,0,107.3,0
2474,1,82.31,3,1,95.4,1
2475,54,93.63,2,0,39.1,0
2476,55,46.46,2,0,67.7,0
2477,51,91.55,2,0,30.7,0
2478,40,38.93,0,0,56.1,0
2479,15,52.88,4,0,60.7,1
2480,21,30.34,0,0,100.6,0
2481,47,67.64,2,3,108.0,0
2482,9,98.11,1,1,52.7,1
2483,53,64.31,0,0,7.0,0
2484,9,42.2,0,0,104.1,0
2485,10,68.3,2,0,25.0,1
2486,52,21.06,2,0,76.5,0
2487,57,89.98,0,0,7.9,0
2488,53,55.28,0,0,50.9,0
2489,26,50.44,2,2,118.4,0
2490,41,62.73,2,0,16.6,0
2491,35,66.23,1,0,53.7,0
2492,52,16.46,2,2,40.3,0
2493,25,71.44,1,0,109.1,0
2494,26,31.77,3,0,105.0,0
2495,11,74.26,1,0,32.3,1
2496,38,84.03,1,0,14.3,0
2497,2,82.36,6,1,77.1,1
2498,7,59.73,1,0,43.7,0
2499,18,56.82,1,1,82.3,0
2500,27,22.86,2,3,8.7,1
2501,34,79.78,0,2,20.3,1
2502,27,34.43,1,2,83.9,0
2503,17,54.7,0,0,29.4,0
2504,43,35.58,0,0,103.6,0
2505,59,22.04,1,0,11.7,0
2506,44,66.66,3,0,29.8,0
2507,59,14.89,2,2,119.8,0
2508,51,77.38,0,0,54.8,0
2509,54,38.58,2,2,85.8,0
2510,24,10.01,1,1,26.0,0
2511,25,56.0,3,3,75.1,1
2512,7,14.22,2,2,88.5,1
2513,52,34.86,1,0,41.2,0
2514,6,73.63,0,0,100.3,0
2515,53,15.64,3,0,74.4,0
2516,24,85.54,3,0,49.7,1
2517,33,10.34,2,0,69.1,0
2518,49,32.21,2,1,71.3,0
2519,29,76.68,0,2,24.0,1
2520,43,38.46,0,0,51.3,0
2521,22,19.17,1,0,44.5,0
2522,26,42.42,1,0,51.1,0
2523,28,34.34,1,0,92.5,0
2524,50,85.84,1,0,60.5,0
2525,21,38.2,2,0,113.1,0
2526,49,81.0,1,0,38.8,0
2527,7,90.27,2,0,52.8,1
2528,17,49.04,0,0,95.5,0
2529,20,91.89,2,0,67.8,0
2530,41,43.96,1,0,67.9,0
2531,49,96.77,1,0,11.1,0
2532,20,18.04,3,0,50.8,0
2533,54,71.83,1,3,36.1,1
2534,22,54.44,2,0,119.9,0
2535,28,44.89,0,0,40.5,0
2536,40,66.94,1,1,106.7,0
2537,49,73.35,1,0,82.8,0
2538,7,10.39,1,2,44.2,1
2539,1,25.03,2,0,67.5,0
2540,32,74.17,1,0,101.7,0
2541,13,69.97,2,0,106.6,0
2542,30,96.94,2,0,23.4,1
2543,23,78.49,2,0,44.1,1
2544,51,95.57,1,0,43.6,0
2545,59,73.23,1,0,9.8,0
2546,56,36.82,0,0,73.8,0
2547,19,19.48,1,0,103.3,0
2548,32,80.36,0,0,48.9,0
2549,30,67.97,1,0,90.1,0
2550,29,14.34,2,0,77.2,0
2551,49,42.4,1,0,48.2,0
2552,45,96.11,0,1,21.2,0
2553,29,55.04,1,0,86.6,0
2554,30,48.95,2,0,103.3,0
2555,16,51.19,2,0,83.9,0
2556,40,28.8,0,0,7.1,0
2557,19,43.18,2,2,29.9,1
2558,18,43.28,2,0,13.0,1
2559,1,14.71,1,0,70.6,0
2560,14,79.08,0,0,92.0,0
2561,51,47.49,1,2,17.7,1
2562,47,84.0,2,0,101.4,0
2563,50,86.53,2,3,68.9,1
2564,2,29.08,3,2,84.3,1
2565,54,69.16,2,0,116.7,0
2566,28,52.51,1,2,14.6,1
2567,49,89.21,0,0,108.6,0
2568,50,29.42,2,1,19.5,0
2569,30,71.0,0,0,50.2,0
2570,38,64.7,2,0,102.9,0
2571,51,36.58,4,0,109.2,0
2572,4,22.29,2,1,63.2,1
2573,1,68.65,0,0,73.3,0
2574,8,76.47,2,0,86.4,0
2575,29,38.41,1,0,100.8,0
2576,55,68.03,1,0,19.0,0
2577,39,45.56,2,0,98.2,0
2578,3,74.19,3,0,60.3,1
2579,32,27.93,0,0,56.8,0
2580,10,90.12,4,0,53.7,1
2581,10,35.87,1,0,63.6,0
2582,19,43.1,0,0,113.7,0
2583,46,15.23,0,0,68.0,0
2584,34,20.04,2,3,114.6,0
2585,33,56.43,0,0,25.7,0
2586,23,34.08,4,2,88.3,1
2587,55,85.19,1,1,98.4,0
2588,28,11.32,0,0,83.1,0
2589,32,44.12,3,0,74.8,0
2590,50,40.36,1,1,70.0,0
2591,7,11.74,1,0,104.0,0
2592,29,21.19,1,0,99.5,0
2593,8,47.23,1,0,19.1,1
2594,1,54.36,2,0,102.6,0
2595,57,46.39,0,1,52.6,0
2596,55,57.78,2,0,34.2,0
2597,3,63.56,4,0,105.0,1
2598,24,10.89,0,0,54.7,0
2599,23,51.77,2,0,98.0,0
2600,59,96.71,1,0,35.3,0
2601,8,56.71,2,0,5.5,1
2602,54,70.98,1,2,62.0,0
2603,57,38.07,2,0,16.5,0
2604,47,79.66,2,1,91.8,0
2605,37,79.56,0,0,36.7,0
2606,3,56.92,3,0,56.0,1
2607,51,97.84,0,0,15.0,0
2608,33,21.3,3,0,38.0,0
2609,28,11.53,2,0,94.9,0
2610,47,79.31,1,0,22.4,0
2611,8,82.64,5,1,79.4,1
2612,34,20.82,0,1,110.5,0
2613,35,33.9,1,0,83.2,0
2614,32,11.58,1,0,98.3,0
2615,24,36.4,0,0,17.5,0
2616,14,79.58,1,0,33.8,1
2617,32,56.62,1,0,107.9,0
2618,56,41.33,1,0,87.2,0
2619,46,43.46,2,2,78.5,0
2620,43,10.12,2,1,81.3,0
2621,16,36.98,1,0,52.6,0
2622,4,68.18,1,0,10.1,1
2623,52,97.68,2,0,95.2,0
2624,37,86.24,0,1,83.1,0
2625,54,12.12,0,0,59.4,0
2626,21,90.87,2,0,108.5,0
2627,14,80.49,1,1,43.7,1
2628,31,80.23,1,0,38.8,0
2629,55,51.22,1,0,105.4,0
2630,48,45.82,0,0,96.7,0
2631,18,37.26,0,0,64.2,0
2632,7,15.91,2,0,20.0,1
2633,10,30.54,0,0,29.7,0
2634,7,32.19,0,0,80.5,0
2635,33,53.57,1,0,49.3,0
2636,23,77.27,3,1,101.2,0
2637,21,52.64,0,0,114.2,0
2638,19,15.21,3,0,97.6,0
2639,48,96.2,3,0,48.4,0
2640,19,94.85,2,1,95.7,0
2641,36,80.67,1,1,45.4,0
2642,29,99.22,1,0,24.2,1
2643,18,59.0,2,0,8.8,1
2644,2,96.65,1,1,49.4,1
2645,1,16.8,3,0,108.9,0
2646,47,42.91,1,0,32.5,0
2647,5,30.28,1,2,28.7,1
2648,20,27.62,1,0,116.5,0
2649,11,22.67,3,3,7.9,1
2650,42,66.02,2,2,95.4,0
2651,2,80.32,0,0,42.0,0
2652,3,62.05,3,2,9.3,1
2653,23,23.23,2,1,110.5,0
2654,55,83.0,2,0,21.1,0
2655,12,67.24,3,0,68.5,1
2656,20,44.93,2,0,36.5,0
2657,5,70.67,1,0,12.5,1
2658,37,33.39,3,1,10.7,1
2659,38,41.07,3,0,18.3,1
2660,30,92.57,1,0,13.2,1
2661,9,36.15,3,0,92.5,0
2662,34,52.3,2,2,60.8,1
2663,53,90.11,2,0,44.4,0
2664,44,73.69,2,0,53.1,0
2665,35,15.6,2,0,111.8,0
2666,52,23.26,4,0,109.7,0
2667,58,10.71,1,0,87.3,0
2668,22,66.78,1,0,106.7,0
2669,44,50.29,1,0,41.8,0
2670,24,22.08,2,0,48.8,0
2671,17,96.21,0,2,75.6,1
2672,10,57.67,1,0,76.7,0
2673,30,31.77,0,0,60.4,0
2674,56,55.05,4,0,51.1,0
2675,59,71.17,2,0,118.4,0
2676,46,16.86,4,0,99.4,0
2677,23,34.72,2,0,55.0,0
2678,32,82.63,1,0,88.6,0
2679,17,51.37,1,0,36.0,0
2680,50,59.19,3,0,16.5,0
2681,51,48.95,3,1,45.5,0
2682,17,13.95,1,0,51.3,0
2683,14,24.92,0,0,6.9,0
2684,9,50.1,2,0,98.7,0
2685,40,28.83,3,0,46.3,0
2686,2,14.5,2,0,71.7,0
2687,45,85.93,0,0,13.5,0
2688,25,98.31,0,0,25.1,0
2689,39,81.38,2,0,107.3,0
2690,9,86.84,0,0,75.0,0
2691,54,31.78,1,2,114.3,0
2692,22,96.46,1,0,119.9,0
2693,43,27.72,0,0,47.8,0
2694,46,95.63,1,1,39.4,0
2695,4,99.53,1,0,103.7,0
2696,26,74.06,2,0,119.8,0
2697,58,98.3,2,0,77.4,0
2698,29,61.26,0,0,96.4,0
2699,45,33.36,3,0,94.9,0
2700,34,49.33,0,1,45.9,0
2701,23,63.42,1,0,71.0,0
2702,37,16.58,2,0,100.8,0
2703,11,66.01,3,1,84.1,1
2704,6,98.31,0,1,7.4,1
2705,18,27.11,1,0,43.7,0
2706,21,81.33,1,0,21.6,1
2707,42,91.71,1,0,31.8,0
2708,36,94.93,1,0,109.1,0
2709,41,96.41,1,0,9.2,0
2710,38,56.93,1,0,30.3,0
2711,34,97.96,3,2,40.6,1
2712,17,78.16,0,0,75.9,0
2713,37,24.55,2,0,66.4,0
2714,25,52.92,1,0,30.1,0
2715,38,74.65,1,0,23.9,0
2716,58,32.26,3,0,32.2,0
2717,12,67.66,2,0,62.8,0
2718,23,69.99,0,1,36.2,0
2719,53,24.64,0,0,114.0,0
2720,42,60.86,0,0,58.3,0
2721,22,79.45,1,0,11.8,1
2722,21,54.9,1,0,88.9,0
2723,27,11.09,3,0,42.8,0
2724,57,10.81,1,1,80.2,0
2725,31,42.13,1,3,37.2,1
2726,6,93.36,2,0,70.6,1
2727,27,30.58,2,0,93.8,0
2728,40,67.09,1,1,111.7,0
2729,34,29.99,3,0,35.0,0
2730,12,38.95,0,0,43.5,0
2731,45,86.32,2,0,58.4,0
2732,57,75.6,3,1,111.6,0
2733,53,18.59,3,0,108.7,0
2734,7,48.58,2,1,15.3,1
2735,10,12.63,2,1,20.2,1
2736,45,53.28,3,0,62.0,0
2737,17,69.62,1,1,17.3,1
2738,26,20.67,0,1,44.7,0
2739,21,36.0,1,0,22.1,0
2740,28,45.81,1,0,78.1,0
2741,58,92.76,1,0,114.2,0
2742,46,99.39,3,0,119.6,0
2743,2,14.04,0,0,48.2,0
2744,54,78.49,2,0,73.9,0
2745,43,43.46,1,0,103.5,0
2746,1,45.32,2,2,18.5,1
2747,51,77.88,0,0,84.3,0
2748,53,92.66,0,0,52.0,0
2749,36,95.58,2,0,28.7,1
2750,51,61.94,0,0,51.3,0
2751,26,42.14,2,0,13.7,1
2752,29,80.88,1,0,85.0,0
2753,21,32.59,2,0,34.1,0
2754,11,60.77,2,1,40.8,1
2755,40,42.27,1,1,18.9,0
2756,11,69.1,2,0,104.4,0
2757,36,31.64,0,1,61.7,0
2758,49,27.24,0,1,70.8,0
2759,59,92.64,1,0,70.5,0
2760,39,19.16,2,3,52.2,1
2761,40,55.54,1,1,27.1,0
2762,35,29.88,0,0,90.7,0
2763,54,13.5,1,0,19.6,0
2764,34,13.24,1,0,16.9,0
2765,55,25.77,1,0,86.7,0
2766,47,88.01,0,1,29.0,0
2767,24,35.42,0,0,40.3,0
2768,54,95.54,1,1,59.7,0
2769,22,62.35,1,1,56.7,0
2770,5,49.3,0,0,86.5,0
2771,56,62.21,1,0,76.7,0
2772,33,56.5,0,0,79.1,0
2773,58,78.29,1,0,87.1,0
2774,36,35.42,2,0,38.7,0
2775,47,41.77,1,0,42.1,0
2776,20,90.47,2,0,55.4,0
2777,19,95.18,4,2,40.4,1
2778,35,90.33,1,0,118.3,0
2779,52,47.75,1,0,98.6,0
2780,43,80.23,2,0,23.9,0
2781,17,52.87,2,1,5.6,1
2782,59,54.78,1,0,9.9,0
2783,45,28.42,1,0,33.1,0
2784,43,63.2,2,2,18.1,1
2785,34,26.75,2,0,66.3,0
2786,9,39.84,2,0,103.7,0
2787,26,86.95,0,0,89.7,0
2788,2,28.64,1,1,29.8,1
2789,53,16.4,2,0,50.9,0
2790,9,16.21,3,0,63.4,0
2791,9,94.67,1,0,98.2,0
2792,40,55.62,2,3,101.5,0
2793,17,46.85,0,0,109.6,0
2794,1,82.98,1,0,63.6,0
2795,25,85.22,3,2,84.8,1
2796,43,39.9,0,0,17.9,0
2797,40,72.43,2,3,70.0,1
2798,42,79.4,1,2,33.6,1
2799,25,68.92,3,2,54.6,1
2800,39,23.64,0,0,77.9,0
2801,35,88.83,2,0,34.6,0
2802,3,58.52,1,1,11.0,1
2803,50,35.42,0,3,6.2,1
2804,37,48.27,1,0,7.5,0
2805,44,13.38,2,1,6.0,1
2806,44,21.51,2,0,17.7,0
2807,51,78.9,1,0,32.5,0
2808,30,10.0,0,0,30.4,0
2809,38,47.49,0,1,118.5,0
2810,34,57.03,1,0,40.2,0
2811,12,14.92,3,0,19.7,1
2812,19,97.58,1,3,67.7,1
2813,37,30.35,0,0,103.7,0
2814,44,37.38,0,0,83.0,0
2815,59,37.35,2,0,39.0,0
2816,59,30.74,0,0,69.6,0
2817,49,10.13,1,0,87.2,0
2818,17,75.64,4,2,88.7,1
2819,10,97.02,2,0,81.7,0
2820,57,30.19,0,1,105.1,0
2821,55,69.67,2,0,105.1,0
2822,49,76.77,2,0,71.6,0
2823,47,86.36,4,0,54.4,0
2824,12,48.04,1,0,78.8,0
2825,16,37.26,1,0,99.1,0
2826,24,39.28,0,0,5.6,0
2827,19,74.14,1,0,119.1,0
2828,8,83.51,0,0,26.0,1
2829,31,26.35,4,0,59.1,0
2830,21,43.38,1,0,105.3,0
2831,17,91.17,0,2,30.9,1
2832,23,82.6,2,0,59.8,0
2833,37,98.64,2,0,20.2,1
2834,54,77.88,0,2,50.4,0
2835,16,45.39,3,1,25.4,1
2836,6,63.16,1,0,46.8,0
2837,8,69.49,0,0,47.9,0
2838,25,17.06,2,0,119.2,0
2839,18,59.0,0,0,119.4,0
2840,25,73.84,2,1,18.2,1
2841,12,25.06,1,1,88.5,0
2842,15,80.26,1,0,11.0,1
2843,59,62.54,0,3,8.5,1
2844,26,95.7,1,0,17.1,1
2845,41,13.82,2,0,116.0,0
2846,45,33.88,1,1,113.2,0
2847,26,64.14,4,0,27.3,1
2848,47,36.69,0,1,23.6,0
2849,32,74.3,3,3,32.7,1
2850,10,78.31,3,0,64.3,1
2851,16,19.23,1,0,70.5,0
2852,7,56.25,2,0,30.5,1
2853,17,55.8,1,0,92.0,0
2854,23,43.24,0,0,40.6,0
2855,26,93.96,0,0,111.0,0
2856,21,84.48,1,1,80.5,0
2857,22,72.75,1,0,55.2,0
2858,58,74.29,0,0,95.8,0
2859,7,51.55,2,0,99.1,0
2860,14,92.89,1,1,38.4,1
2861,15,72.51,0,0,44.1,0
2862,53,75.61,0,0,112.6,0
2863,7,87.55,0,1,23.9,1
2864,9,34.67,4,0,9.8,1
2865,51,82.64,2,0,57.2,0
2866,48,27.57,3,2,97.1,0
2867,8,41.08,1,0,93.7,0
2868,50,40.2,2,3,110.7,0
2869,59,98.07,3,0,66.3,0
2870,23,87.09,3,0,16.5,1
2871,29,73.11,0,2,72.7,0
2872,18,75.44,0,0,94.5,0
2873,31,60.59,3,1,15.7,1
2874,30,95.24,0,1,24.9,1
2875,52,54.66,2,2,6.4,1
2876,39,44.25,2,3,73.3,1
2877,35,24.67,2,0,107.0,0
2878,18,80.76,3,1,82.1,1
2879,59,76.1,1,0,117.9,0
2880,42,44.59,3,0,12.2,1
2881,39,12.27,0,1,108.8,0
2882,17,85.51,0,0,98.6,0
2883,14,11.03,3,0,41.1,1
2884,31,73.33,0,0,117.0,0
2885,24,97.32,1,0,38.1,0
2886,35,49.39,1,3,107.3,0
2887,44,31.15,1,0,106.3,0
2888,45,73.44,3,0,92.1,0
2889,34,83.54,1,2,69.8,1
2890,3,59.18,2,0,18.8,1
2891,37,97.03,0,0,66.2,0
2892,43,14.65,2,0,46.0,0
2893,40,55.43,1,0,96.1,0
2894,26,74.66,0,0,92.2,0
2895,55,87.64,1,1,109.7,0
2896,23,26.13,2,0,6.7,1
2897,44,82.0,1,2,98.0,0
2898,39,59.74,1,1,112.9,0
2899,15,45.69,1,0,95.8,0
2900,56,21.85,2,0,20.0,0
2901,49,87.88,2,0,14.3,0
2902,4,24.15,0,0,7.4,0
2903,29,37.88,1,2,77.3,0
2904,22,36.1,1,0,77.4,0
2905,25,88.43,1,0,118.5,0
2906,13,70.54,2,0,50.8,1
2907,18,81.7,1,0,43.2,0
2908,33,32.54,2,0,76.8,0
2909,16,66.24,1,0,99.9,0
2910,45,61.46,1,0,112.7,0
2911,42,84.95,3,0,97.4,0
2912,44,91.55,1,0,54.1,0
2913,2,11.09,0,1,78.0,0
2914,55,70.66,3,0,103.5,0
2915,35,14.67,1,0,61.4,0
2916,42,59.4,1,0,29.9,0
2917,34,35.89,2,0,24.5,0
2918,30,37.61,1,2,5.0,1
2919,59,41.77,2,0,87.6,0
2920,55,65.92,2,0,17.8,0
2921,13,40.06,0,2,33.0,1
2922,13,75.94,1,1,39.3,1
2923,18,46.41,1,0,69.4,0
2924,32,16.15,0,0,50.8,0
2925,32,80.54,0,1,82.6,0
2926,35,35.72,2,0,11.4,0
2927,59,48.95,0,1,19.3,0
2928,39,71.69,2,1,62.4,0
2929,46,39.92,0,1,43.8,0
2930,52,15.09,0,0,39.0,0
2931,29,43.65,0,1,12.7,0
2932,49,95.0,0,0,108.0,0
2933,29,67.76,1,1,84.6,0
2934,53,70.43,1,0,19.0,0
2935,44,66.91,3,0,12.5,1
2936,57,27.91,1,0,117.1,0
2937,16,47.65,4,0,83.3,0
2938,56,77.58,1,0,53.0,0
2939,44,19.12,0,2,85.7,0
2940,47,35.01,1,0,92.0,0
2941,57,34.87,1,1,94.7,0
2942,10,48.88,2,0,60.0,0
2943,30,98.23,2,0,54.4,0
2944,25,16.08,1,0,6.3,0
2945,39,56.68,3,0,111.6,0
2946,20,26.14,1,2,74.4,0
2947,5,97.36,0,0,28.4,1
2948,1,20.2,1,0,110.8,0
2949,30,46.32,2,0,110.2,0
2950,49,76.41,1,2,118.8,0
2951,3,73.41,1,0,105.5,0
2952,45,48.05,0,0,119.7,0
2953,14,41.19,0,0,33.1,0
2954,56,45.79,0,0,101.9,0
2955,30,33.78,0,0,99.6,0
2956,50,28.48,1,2,31.6,0
2957,4,53.47,1,0,16.3,1
2958,18,34.17,1,0,117.6,0
2959,37,35.87,0,0,39.0,0
2960,25,69.11,1,0,105.2,0
2961,48,97.17,4,0,5.5,1
2962,1,64.33,2,3,7.4,1
2963,53,16.93,0,1,58.6,0
2964,46,16.8,2,2,32.5,1
2965,15,95.63,0,1,84.3,0
2966,9,36.76,1,0,70.0,0
2967,15,18.29,1,0,13.9,0
2968,49,63.91,1,0,23.7,0
2969,57,66.13,2,0,49.6,0
2970,24,68.37,3,0,26.3,1
2971,4,34.07,2,0,96.1,0
2972,12,11.36,0,0,52.8,0
2973,59,96.85,1,2,15.7,1
2974,58,32.58,0,1,60.7,0
2975,37,70.84,1,2,15.4,1
2976,37,73.6,2,0,19.8,1
2977,43,64.9,2,0,32.6,0
2978,6,38.16,0,0,103.8,0
2979,39,34.4,0,0,111.3,0
2980,56,63.79,1,0,100.0,0
2981,46,87.95,0,0,43.4,0
2982,24,95.21,0,0,36.3,0
2983,11,19.53,2,0,68.2,0
2984,13,23.93,0,0,88.0,0
2985,34,95.03,0,0,119.2,0
2986,25,76.29,2,0,20.1,1
2987,7,89.47,2,0,10.7,1
2988,52,28.24,3,0,84.9,0
2989,4,62.88,1,0,100.7,0
2990,59,73.1,2,0,102.3,0
2991,8,71.21,1,1,83.0,0
2992,20,46.73,2,1,114.7,0
2993,29,11.39,1,0,63.8,0
2994,54,62.46,3,0,110.1,0
2995,53,32.78,1,0,116.3,0
2996,51,50.52,1,0,102.4,0
2997,45,96.18,4,0,40.6,1
2998,46,45.91,0,0,27.6,0
2999,10,85.58,2,0,68.0,0
3000,43,26.97,2,0,57.1,0
